{"cameraMode":{"drawMode":0,"name":"Shaded","section":"Shading Mode"},"sceneLighting":true,"audioPlay":false,"sceneViewState":{"m_AlwaysRefresh":false,"showFog":true,"showSkybox":true,"showFlares":true,"showImageEffects":true,"showParticleSystems":true,"showVisualEffectGraphs":true,"m_FxEnabled":false},"in2DMode":false,"pivot":{"x":-2.6790051460266115,"y":0.24879813194274903,"z":-0.48342108726501467},"rotation":{"x":-0.01791076362133026,"y":0.9539048075675964,"z":-0.29383376240730288,"w":-0.058149173855781558},"size":2.346405267715454,"orthographic":false}