{"cameraMode":{"drawMode":0,"name":"Shaded","section":"Shading Mode"},"sceneLighting":true,"audioPlay":false,"sceneViewState":{"m_AlwaysRefresh":false,"showFog":true,"showSkybox":true,"showFlares":true,"showImageEffects":true,"showParticleSystems":true,"showVisualEffectGraphs":true,"m_FxEnabled":false},"in2DMode":false,"pivot":{"x":-1.2257518768310547,"y":1.9396004676818848,"z":-15.838251113891602},"rotation":{"x":-0.030111834406852723,"y":0.8752268552780151,"z":-0.4796276092529297,"w":-0.054947808384895328},"size":10.378555297851563,"orthographic":false}